-- 5. 预置食材字典 (diet_ingredient) - 续
INSERT INTO diet_ingredient (ingredient_id, ingredient_name, calories, protein, fat, carbs, measure_unit,
                             condiment_flag)
VALUES (8, '猪里脊肉', 143.00, 20.20, 6.20, 1.50, 'g', 0),
       (9, '食用油', 899.00, 0.00, 99.80, 0.00, 'g', 1),
       (10, '食盐', 0.00, 0.00, 0.00, 0.00, 'g', 1),
       (11, '生抽', 65.00, 6.00, 0.10, 10.00, 'ml', 1),
       (12, '豆瓣酱', 178.00, 9.80, 8.00, 16.00, 'g', 1),
       (13, '葱姜蒜', 40.00, 1.50, 0.20, 8.00, 'g', 1);

-- 6. 预置菜品 (diet_dish)
-- diet_mode: 0-正常饮食, 1-轻食减脂, 2-放纵餐
INSERT INTO diet_dish (dish_id, dish_name, cuisine_type, diet_mode, calories, protein, fat, carbs)
VALUES (1, '清蒸水煮鸡胸肉', '粤菜', 1, 95.00, 18.00, 1.50, 2.00),
       (2, '西兰花炒牛肉', '湘菜', 1, 110.00, 15.00, 3.20, 4.50),
       (3, '西红柿炒鸡蛋', '闽菜', 0, 120.00, 6.50, 7.80, 5.00),
       (4, '家常麻婆豆腐', '川菜', 0, 135.00, 7.20, 8.50, 6.00),
       (5, '青椒炒里脊肉丝', '鲁菜', 0, 150.00, 12.00, 9.00, 4.80),
       (6, '香辣水煮牛肉', '川菜', 2, 210.00, 14.50, 15.00, 5.50);

-- 7. 预置菜品与食材关联 (diet_dish_ingredient)
INSERT INTO diet_dish_ingredient (dish_id, ingredient_id, use_amount, main_material_flag)
VALUES
-- 1. 清蒸水煮鸡胸肉 (鸡胸肉200g, 西兰花50g, 食用油2g, 食盐2g)
(1, 1, 200.00, 1),
(1, 3, 50.00, 1),
(1, 9, 2.00, 0),
(1, 10, 2.00, 0),
-- 2. 西兰花炒牛肉 (牛里脊150g, 西兰花150g, 食用油8g, 生抽10ml, 食盐2g)
(2, 2, 150.00, 1),
(2, 3, 150.00, 1),
(2, 9, 8.00, 0),
(2, 11, 10.00, 0),
(2, 10, 2.00, 0),
-- 3. 西红柿炒鸡蛋 (西红柿200g, 鸡蛋120g(约2个), 食用油10g, 食盐3g)
(3, 4, 200.00, 1),
(3, 5, 120.00, 1),
(3, 9, 10.00, 0),
(3, 10, 3.00, 0),
-- 4. 家常麻婆豆腐 (豆腐300g, 猪里脊肉50g, 豆瓣酱15g, 食用油12g, 葱姜蒜10g)
(4, 6, 300.00, 1),
(4, 8, 50.00, 1),
(4, 12, 15.00, 0),
(4, 9, 12.00, 0),
(4, 13, 10.00, 0),
-- 5. 青椒炒里脊肉丝 (猪里脊肉150g, 青椒150g, 食用油12g, 生抽10ml, 食盐2g)
(5, 8, 150.00, 1),
(5, 7, 150.00, 1),
(5, 9, 12.00, 0),
(5, 11, 10.00, 0),
(5, 10, 2.00, 0),
-- 6. 香辣水煮牛肉 (牛里脊200g, 青椒100g, 豆瓣酱25g, 食用油30g, 葱姜蒜20g, 食盐3g)
(6, 2, 200.00, 1),
(6, 7, 100.00, 1),
(6, 12, 25.00, 0),
(6, 9, 30.00, 0),
(6, 13, 20.00, 0),
(6, 10, 3.00, 0);

-- 8. 预置烹饪步骤标准模板池 (diet_cooking_step_pool)
INSERT INTO diet_cooking_step_pool (step_pool_id, step_name, step_detail)
VALUES (1, '食材改刀', '将食材清洗干净，沥干水分。将肉类切片或切丝，蔬菜切小朵或切块备用。'),
       (2, '肉类腌制', '肉类中加入少许生抽、淀粉与料酒，用手抓匀腌制 10-15 分钟，使其入味且更加嫩滑。'),
       (3, '焯水预处理', '锅中烧开水，加入少许盐和几滴油。放入蔬菜或肉类焯水 1-2 分钟，捞出过凉水备用。'),
       (4, '热锅凉油煸炒', '锅烧热后倒入食用油，先放入葱姜蒜等辅料爆香，再放入主料快速大火翻炒。'),
       (5, '加调味炖煮', '加入生抽、食盐、豆瓣酱等核心调料，倒入适量温水或高汤，转中小火慢炖入味。'),
       (6, '大火收汁装盘', '转大火收浓汤汁，可勾入薄芡，翻匀后淋入少许香油即可出锅装盘。');

-- 9. 预置菜品烹饪步骤关联表 (diet_dish_step_relation)
-- 1. 清蒸水煮鸡胸肉 (改刀 -> 焯水 -> 出锅)
INSERT INTO diet_dish_step_relation (dish_id, step_pool_id, step_num, custom_detail)
VALUES (1, 1, 1, '将鸡胸肉横向切成均匀厚片，西兰花掰成小朵清洗干净。'),
       (1, 3, 2, '锅中注入清水烧开，放入鸡肉片与西兰花焯煮 3 分钟直至全熟。'),
       (1, 6, 3, '捞出沥干，撒入少许食盐即可直接就餐（可配合少许轻食酱汁）。');
-- 2. 西兰花炒牛肉 (改刀 -> 腌制 -> 焯水西兰花 -> 煸炒 -> 出锅)
INSERT INTO diet_dish_step_relation (dish_id, step_pool_id, step_num, custom_detail)
VALUES (2, 1, 1, '牛里脊切成薄片，西兰花切成小朵。'),
       (2, 2, 2, '牛肉片中加入生抽与少许料酒，腌制 10 分钟。'),
       (2, 3, 3, '西兰花入开水焯烫 1 分钟捞出。'),
       (2, 4, 4, '锅中热油，下蒜末爆香，放入牛肉片快速炒至变色，再下西兰花和少许食盐。'),
       (2, 6, 5, '翻炒均匀，大火收汁直接出锅。');
-- 3. 西红柿炒鸡蛋
INSERT INTO diet_dish_step_relation (dish_id, step_pool_id, step_num, custom_detail)
VALUES (3, 1, 1, '西红柿切滚刀块，鸡蛋打入碗中打散。'),
       (3, 4, 2, '起锅烧油，倒入蛋液炒散炒熟捞出。再起底油炒西红柿至出沙。'),
       (3, 6, 3, '倒入鸡蛋，加入食盐，大火翻炒均匀即成。');
-- 4. 家常麻婆豆腐
INSERT INTO diet_dish_step_relation (dish_id, step_pool_id, step_num, custom_detail)
VALUES (4, 1, 1, '豆腐切 2cm 方块，猪肉切末。'),
       (4, 3, 2, '豆腐冷水下锅，加少许盐煮开，捞出备用以防碎。'),
       (4, 4, 3, '热锅凉油，下肉末煸炒，再加入豆瓣酱、葱姜蒜炒出红油。'),
       (4, 5, 4, '下豆腐块，加入适量清水小火慢炖 5 分钟，轻轻推匀。'),
       (4, 6, 5, '勾入两次薄芡收汁，撒上花椒面装盘。');
-- 5. 青椒炒里脊肉丝
INSERT INTO diet_dish_step_relation (dish_id, step_pool_id, step_num, custom_detail)
VALUES (5, 1, 1, '猪里脊肉切成均匀细丝，青椒去蒂去籽切丝。'),
       (5, 2, 2, '肉丝加入少许淀粉、生抽腌制。'),
       (5, 4, 3, '热油锅，快速划散肉丝炒至变色，捞出。'),
       (5, 6, 4, '留底油炒青椒丝至断生，倒入肉丝与食盐翻炒均匀出锅。');
-- 6. 香辣水煮牛肉
INSERT INTO diet_dish_step_relation (dish_id, step_pool_id, step_num, custom_detail)
VALUES (6, 1, 1, '牛肉切大片，青椒与配菜改刀。'),
       (6, 2, 2, '牛肉片加蛋清、淀粉、生抽抓匀腌制 15 分钟。'),
       (6, 4, 3, '炒香豆瓣酱、姜蒜，加水烧开捞去渣子，放入配菜焯熟铺在碗底。'),
       (6, 5, 4, '锅中汤汁微开，将牛肉片一片片展平放入，煮至变色捞出铺在配菜上。'),
       (6, 6, 5, '在牛肉上撒上干辣椒面、蒜末，烧热油泼在其上激发香气。');

-- 10. 预置演示做饭人擅长菜品 (diet_cook_skilled_dish)
-- 关联做饭人 user_id=1
INSERT INTO diet_cook_skilled_dish (user_id, dish_id)
VALUES (1, 3), -- 西红柿炒鸡蛋
       (1, 4); -- 家常麻婆豆腐 (属于川菜，后续会用于计算擅长菜系频次加成)
